{
  "Configuration B": {
    "CellBoundary": {
      "Min": {
        "X": 0.0,
        "Y": 0.0,
        "Z": 0.0
      },
      "Max": {
        "X": 1.7985601735004604,
        "Y": 1.6423925656544436,
        "Z": 0.0
      }
    },
    "ContentItems": [
      {
        "Url": "https://hypar.io/user-static/066f3860-6c4f-439f-8d32-8767b5dfd43d.glb",
        "Transform": {
          "Matrix": {
            "Components": [
              -1.0547118733938987E-15,
              -1.0,
              0.0,
              0.92897672330050618,
              1.0,
              -1.0547118733938987E-15,
              0.0,
              0.065814940469380634,
              0.0,
              0.0,
              1.0,
              0.0
            ]
          }
        },
        "Anchor": {
          "X": 1.7985601735004604,
          "Y": 0.82119628282722179,
          "Z": 0.0
        },
        "Name": "Steelcase - B-Free - Table - Rectangle - 32D x 60W"
      },
      {
        "Url": "https://hypar.io/user-static/bf02443f-6276-4d67-a3b5-7ad14206b0e4.glb",
        "Transform": {
          "Matrix": {
            "Components": [
              -1.0547118733938987E-15,
              -1.0,
              0.0,
              0.98735949269967183,
              1.0,
              -1.0547118733938987E-15,
              0.0,
              0.92081266353936009,
              0.0,
              0.0,
              1.0,
              0.0
            ]
          }
        },
        "Anchor": {
          "X": 1.7985601735004604,
          "Y": 0.82119628282722179,
          "Z": 0.0
        },
        "Name": "Steelcase - Seating - SILQ - Stool - Stool"
      },
      {
        "Url": "https://hypar.io/user-static/8ad5d4b5-0921-4400-b3cf-9d819d0d6519.glb",
        "Transform": {
          "Matrix": {
            "Components": [
              -2.4980018054066022E-15,
              1.0,
              0.0,
              1.4210032416800251,
              -1.0,
              -2.4980018054066022E-15,
              0.0,
              0.92446702166313255,
              0.0,
              0.0,
              1.0,
              0.99913281250000407
            ]
          }
        },
        "Anchor": {
          "X": 1.7985601735004604,
          "Y": 0.82119628282722179,
          "Z": 0.0
        },
        "Name": "AllInOneComputer - 0.743 m x 0.481 m"
      },
      {
        "Url": "https://hypar.io/user-static/c3385cd1-6f90-4da1-871d-8514b0d71022.glb",
        "Transform": {
          "Matrix": {
            "Components": [
              -0.57357643635188371,
              0.81915204428840538,
              0.0,
              1.4002435210912036,
              -0.81915204428840538,
              -0.57357643635188371,
              0.0,
              0.331981142426101,
              0.0,
              0.0,
              1.0,
              0.999728124999992
            ]
          }
        },
        "Anchor": {
          "X": 1.7985601735004604,
          "Y": 0.82119628282722179,
          "Z": 0.0
        },
        "Name": "Laptop1 - 0.37 m x 0.35 m"
      }
    ]
  },
  "Configuration E": {
    "CellBoundary": {
      "Min": {
        "X": 0.0,
        "Y": 0.0,
        "Z": 0.0
      },
      "Max": {
        "X": 2.0480980525495163,
        "Y": 1.613331315701366,
        "Z": 0.0
      }
    },
    "ContentItems": [
      {
        "Url": "https://hypar.io/user-static/eac95ba1-1507-47fc-9d23-f57d36968ea8.glb",
        "Transform": {
          "Matrix": {
            "Components": [
              0.34202059099146459,
              -0.939692457848763,
              0.0,
              0.40236137822584084,
              0.939692457848763,
              0.34202059099146459,
              0.0,
              1.0747145848149118,
              0.0,
              0.0,
              1.0,
              0.4231505399304
            ]
          }
        },
        "Anchor": {
          "X": 1.0240490262747564,
          "Y": 0.806665657850683,
          "Z": 0.0
        },
        "Name": "SAH21 - 0.605 m x 0.23 m"
      },
      {
        "Url": "https://hypar.io/user-static/502a56b8-6482-46a6-aa12-8e84081e53c7.glb",
        "Transform": {
          "Matrix": {
            "Components": [
              -0.70710669859920328,
              -0.70710686377388221,
              0.0,
              1.7664460879103423,
              0.70710686377388221,
              -0.70710669859920328,
              0.0,
              1.229857524208509,
              0.0,
              0.0,
              1.0,
              0.0
            ]
          }
        },
        "Anchor": {
          "X": 1.0240490262747564,
          "Y": 0.806665657850683,
          "Z": 0.0
        },
        "Name": "Bolia - Grab - Pouf - Small"
      },
      {
        "Url": "https://hypar.io/user-static/61e91884-17ce-4409-998f-a940b585883e.glb",
        "Transform": {
          "Matrix": {
            "Components": [
              7.0122874396005854E-08,
              0.99999999999999756,
              0.0,
              1.110937753012454,
              -0.99999999999999756,
              7.0122874396005854E-08,
              0.0,
              1.1244192525747612,
              0.0,
              0.0,
              1.0,
              0.0
            ]
          }
        },
        "Anchor": {
          "X": 1.0240490262747564,
          "Y": 0.806665657850683,
          "Z": 0.0
        },
        "Name": "Steelcase Coalesse - Lagunitas - Table - Personal - 13D x 24W"
      },
      {
        "Url": "https://hypar.io/user-static/0379bfc9-187c-4760-8fc1-921c54899c5f.glb",
        "Transform": {
          "Matrix": {
            "Components": [
              -1.7608340291408453E-07,
              -0.99999999999998457,
              0.0,
              0.91746059072148611,
              0.99999999999998457,
              -1.7608340291408453E-07,
              0.0,
              0.71376770771131381,
              0.0,
              0.0,
              1.0,
              0.0
            ]
          }
        },
        "Anchor": {
          "X": 1.0240490262747564,
          "Y": 0.806665657850683,
          "Z": 0.0
        },
        "Name": "Steelcase Coalesse - Lagunitas - Seating - Chaise - Two Seat - Low Back Screen - Left Corner Cushion"
      }
    ]
  },
  "Configuration D": {
    "CellBoundary": {
      "Min": {
        "X": 0.0,
        "Y": 0.0,
        "Z": 0.0
      },
      "Max": {
        "X": 2.4562826569701866,
        "Y": 1.6133313157013647,
        "Z": 0.0
      }
    },
    "ContentItems": [
      {
        "Url": "https://hypar.io/user-static/1958892e-ee36-4035-9063-e4e01e36d725.glb",
        "Transform": {
          "Matrix": {
            "Components": [
              -0.34201809743194533,
              -0.939693365427804,
              0.0,
              0.63702710559978293,
              0.939693365427804,
              -0.34201809743194533,
              0.0,
              1.0523850438629365,
              0.0,
              0.0,
              1.0,
              0.7604760012192
            ]
          }
        },
        "Anchor": {
          "X": 0.0,
          "Y": 0.70753587109025962,
          "Z": 0.0
        },
        "Name": "Mouse - 0.053 m x 0.095 m"
      },
      {
        "Url": "https://hypar.io/user-static/98f87c85-e1c2-43da-9628-4d2e9b2c8e47.glb",
        "Transform": {
          "Matrix": {
            "Components": [
              -3.6732051033050443E-06,
              -0.99999999999325384,
              0.0,
              0.63187611818778677,
              0.99999999999325384,
              -3.6732051033050443E-06,
              0.0,
              0.74011948327976007,
              0.0,
              0.0,
              1.0,
              0.7604760012192
            ]
          }
        },
        "Anchor": {
          "X": 0.0,
          "Y": 0.70753587109025962,
          "Z": 0.0
        },
        "Name": "Keyboard - 0.421 m x 0.125 m"
      },
      {
        "Url": "https://hypar.io/user-static/30935fe4-1921-4f46-a94f-47351e4da771.glb",
        "Transform": {
          "Matrix": {
            "Components": [
              -0.42261949450607061,
              -0.90630721218769594,
              0.0,
              0.3753850095301825,
              0.90630721218769594,
              -0.42261949450607061,
              0.0,
              0.28564996245173979,
              0.0,
              0.0,
              1.0,
              0.7604760012192
            ]
          }
        },
        "Anchor": {
          "X": 0.0,
          "Y": 0.70753587109025962,
          "Z": 0.0
        },
        "Name": "Laptop - 0.37 m x 0.35 m"
      },
      {
        "Url": "https://hypar.io/user-static/dd864c69-7aa8-4533-8fd5-80e2c72937ef.glb",
        "Transform": {
          "Matrix": {
            "Components": [
              -3.6732051033050443E-06,
              -0.99999999999325384,
              0.0,
              0.053916813046987144,
              0.99999999999325384,
              -3.6732051033050443E-06,
              0.0,
              1.2277892380373587,
              0.0,
              0.0,
              1.0,
              0.0
            ]
          }
        },
        "Anchor": {
          "X": 0.0,
          "Y": 0.70753587109025962,
          "Z": 0.0
        },
        "Name": "USB Powerstrip - 0.14 m x 0.084 m"
      },
      {
        "Url": "https://hypar.io/user-static/902fae3e-821d-4724-b74a-c2f9f5cf6f80.glb",
        "Transform": {
          "Matrix": {
            "Components": [
              1.7763568394002505E-15,
              -1.0,
              0.0,
              0.054553646646214204,
              1.0,
              1.7763568394002505E-15,
              0.0,
              0.82883032511796084,
              0.0,
              0.0,
              1.0,
              0.025400000000000138
            ]
          }
        },
        "Anchor": {
          "X": 0.0,
          "Y": 0.70753587109025962,
          "Z": 0.0
        },
        "Name": "Steelcase - Worktool - Computer Support - CF Series - Evolution Single Arm - Single Arm"
      },
      {
        "Url": "https://hypar.io/user-static/388c2e15-9c16-44b3-9aed-22ddcdcc7084.glb",
        "Transform": {
          "Matrix": {
            "Components": [
              1.0,
              0.0,
              0.0,
              1.614199302965508,
              0.0,
              1.0,
              0.0,
              1.5033827567100455,
              0.0,
              0.0,
              1.0,
              0.0
            ]
          }
        },
        "Anchor": {
          "X": 0.0,
          "Y": 0.70753587109025962,
          "Z": 0.0
        },
        "Name": "Bolia - Trapeze Hook - Hook"
      },
      {
        "Url": "https://hypar.io/user-static/388c2e15-9c16-44b3-9aed-22ddcdcc7084.glb",
        "Transform": {
          "Matrix": {
            "Components": [
              1.0,
              0.0,
              0.0,
              1.8584358306458313,
              0.0,
              1.0,
              0.0,
              1.5057604444614778,
              0.0,
              0.0,
              1.0,
              0.0
            ]
          }
        },
        "Anchor": {
          "X": 0.0,
          "Y": 0.70753587109025962,
          "Z": 0.0
        },
        "Name": "Bolia - Trapeze Hook - Hook"
      },
      {
        "Url": "https://hypar.io/user-static/b608f512-a675-4468-a166-c9e3a08b0ac4.glb",
        "Transform": {
          "Matrix": {
            "Components": [
              1.0,
              0.0,
              0.0,
              1.1306015531273648,
              0.0,
              1.0,
              0.0,
              1.4284401473735513,
              0.0,
              0.0,
              1.0,
              1.1430000000000002
            ]
          }
        },
        "Anchor": {
          "X": 0.0,
          "Y": 0.70753587109025962,
          "Z": 0.0
        },
        "Name": "Blu Dot - Welf - Wall Shelf - Small"
      },
      {
        "Url": "https://hypar.io/user-static/b608f512-a675-4468-a166-c9e3a08b0ac4.glb",
        "Transform": {
          "Matrix": {
            "Components": [
              1.0,
              0.0,
              0.0,
              1.7444668345694527,
              0.0,
              1.0,
              0.0,
              1.4284401473735513,
              0.0,
              0.0,
              1.0,
              1.3779500000000002
            ]
          }
        },
        "Anchor": {
          "X": 0.0,
          "Y": 0.70753587109025962,
          "Z": 0.0
        },
        "Name": "Blu Dot - Welf - Wall Shelf - Small"
      },
      {
        "Url": "https://hypar.io/user-static/0c5348ca-84e1-4681-8776-8645917776cc.glb",
        "Transform": {
          "Matrix": {
            "Components": [
              1.0,
              0.0,
              0.0,
              0.089572922599080229,
              0.0,
              1.0,
              0.0,
              1.399036770876847,
              0.0,
              0.0,
              1.0,
              0.0
            ]
          }
        },
        "Anchor": {
          "X": 0.0,
          "Y": 0.70753587109025962,
          "Z": 0.0
        },
        "Name": "Steelcase - Worktool - SOTO II - Mobile Caddy - Mobile Caddy"
      },
      {
        "Url": "https://hypar.io/user-static/07a87d37-929d-4e0e-a779-cd4cfc3920cd.glb",
        "Transform": {
          "Matrix": {
            "Components": [
              1.7763568394002505E-15,
              -1.0,
              0.0,
              0.030060507264655811,
              1.0,
              1.7763568394002505E-15,
              0.0,
              0.0077859112348414028,
              0.0,
              0.0,
              1.0,
              0.0
            ]
          }
        },
        "Anchor": {
          "X": 0.0,
          "Y": 0.70753587109025962,
          "Z": 0.0
        },
        "Name": "Steelcase - Migration SE - Desk - Rectangular - T Leg - 29D x 58W"
      },
      {
        "Url": "https://hypar.io/user-static/f76b5de4-3eef-411d-b077-82664b2a844e.glb",
        "Transform": {
          "Matrix": {
            "Components": [
              2.9347731350659595E-07,
              0.99999999999995692,
              0.0,
              0.84398236222580358,
              -0.99999999999995692,
              2.9347731350659595E-07,
              0.0,
              0.70878688036231663,
              0.0,
              0.0,
              1.0,
              0.0
            ]
          }
        },
        "Anchor": {
          "X": 0.0,
          "Y": 0.70753587109025962,
          "Z": 0.0
        },
        "Name": "Steelcase - Seating - Think 465 Series - Chair (1) - Upholstery Back_Adjustable Arm_Caster"
      }
    ]
  },
  "Configuration C": {
    "CellBoundary": {
      "Min": {
        "X": 0.0,
        "Y": 0.0,
        "Z": 0.0
      },
      "Max": {
        "X": 1.6671081509542809,
        "Y": 2.1120877763722863,
        "Z": 0.0
      }
    },
    "ContentItems": [
      {
        "Url": "https://hypar.io/user-static/32426675-a709-44f6-b3e4-ed7092474928.glb",
        "Transform": {
          "Matrix": {
            "Components": [
              1.0,
              0.0,
              0.0,
              0.98500068157869336,
              0.0,
              1.0,
              0.0,
              1.7796849910091077,
              0.0,
              0.0,
              1.0,
              -8.8905700007479245E-05
            ]
          }
        },
        "Anchor": {
          "X": 0.82144923697813432,
          "Y": 1.055533555989786,
          "Z": 0.0
        },
        "Name": "Steelcase - Thread - Power Hub - NEMA - 30H"
      },
      {
        "Url": "https://hypar.io/user-static/e5e140f2-a810-4460-9b0b-ffa83c671a9a.glb",
        "Transform": {
          "Matrix": {
            "Components": [
              1.0,
              0.0,
              0.0,
              1.252277484526342,
              0.0,
              1.0,
              0.0,
              1.5895695311019611,
              0.0,
              0.0,
              1.0,
              0.0
            ]
          }
        },
        "Anchor": {
          "X": 0.82144923697813432,
          "Y": 1.055533555989786,
          "Z": 0.0
        },
        "Name": "Viccarbe - Burin - Table - Low with Handle"
      },
      {
        "Url": "https://hypar.io/user-static/6ad050e0-17e2-4838-aaed-7d69562ce473.glb",
        "Transform": {
          "Matrix": {
            "Components": [
              0.866025485604928,
              -0.49999985828272864,
              0.0,
              1.1321407263020618,
              0.49999985828272864,
              0.866025485604928,
              0.0,
              0.70555546941105662,
              0.0,
              0.0,
              1.0,
              0.0
            ]
          }
        },
        "Anchor": {
          "X": 0.82144923697813432,
          "Y": 1.055533555989786,
          "Z": 0.0
        },
        "Name": "Bolia - Philippa - Footstool - Footstool"
      },
      {
        "Url": "https://hypar.io/user-static/5b2a4c01-3650-4326-a97a-887d67f853da.glb",
        "Transform": {
          "Matrix": {
            "Components": [
              0.75410179028877777,
              -0.65675755791864354,
              0.0,
              0.59994546570787755,
              0.65675755791864354,
              0.75410179028877777,
              0.0,
              1.4515523545963291,
              0.0,
              0.0,
              1.0,
              -1.0828671292983927E-15
            ]
          }
        },
        "Anchor": {
          "X": 0.82144923697813432,
          "Y": 1.055533555989786,
          "Z": 0.0
        },
        "Name": "Bolia - Philippa - Armchair - Armchair"
      },
      {
        "Url": "https://hypar.io/user-static/88a62c2c-92aa-4588-86b7-4d2453e31e27.glb",
        "Transform": {
          "Matrix": {
            "Components": [
              -3.37229467242698E-15,
              -1.0,
              -1.0689691229036181E-29,
              0.011470518486463632,
              -1.0,
              3.37229467242698E-15,
              -6.3397136178156118E-15,
              1.4879396791407697,
              6.3397136178156118E-15,
              -1.0689691229036181E-29,
              -1.0,
              0.99250124053949651
            ]
          }
        },
        "Anchor": {
          "X": 0.0,
          "Y": 1.0560438881861431,
          "Z": 0.0
        },
        "Name": "Steelcase AMQ - 3F - Wall Tiles - Dome"
      },
      {
        "Url": "https://hypar.io/user-static/88a62c2c-92aa-4588-86b7-4d2453e31e27.glb",
        "Transform": {
          "Matrix": {
            "Components": [
              -3.37229467242698E-15,
              -1.0,
              -1.0689691229036181E-29,
              0.011470518486463632,
              -1.0,
              3.37229467242698E-15,
              -6.3397136178156118E-15,
              1.1892083691825577,
              6.3397136178156118E-15,
              -1.0689691229036181E-29,
              -1.0,
              0.99250124053949751
            ]
          }
        },
        "Anchor": {
          "X": 0.0,
          "Y": 1.0560438881861431,
          "Z": 0.0
        },
        "Name": "Steelcase AMQ - 3F - Wall Tiles - Dome"
      },
      {
        "Url": "https://hypar.io/user-static/88a62c2c-92aa-4588-86b7-4d2453e31e27.glb",
        "Transform": {
          "Matrix": {
            "Components": [
              -3.37229467242698E-15,
              -1.0,
              -1.0689691229036181E-29,
              0.011470518486463632,
              -1.0,
              3.37229467242698E-15,
              -6.3397136178156118E-15,
              0.893025373809468,
              6.3397136178156118E-15,
              -1.0689691229036181E-29,
              -1.0,
              0.9925012405394984
            ]
          }
        },
        "Anchor": {
          "X": 0.0,
          "Y": 1.0560438881861431,
          "Z": 0.0
        },
        "Name": "Steelcase AMQ - 3F - Wall Tiles - Dome"
      },
      {
        "Url": "https://hypar.io/user-static/88a62c2c-92aa-4588-86b7-4d2453e31e27.glb",
        "Transform": {
          "Matrix": {
            "Components": [
              -3.37229467242698E-15,
              -1.0,
              -1.0689691229036181E-29,
              0.011470518486463632,
              -1.0,
              3.37229467242698E-15,
              -6.3397136178156118E-15,
              0.59989284233430284,
              6.3397136178156118E-15,
              -1.0689691229036181E-29,
              -1.0,
              0.9925012405394994
            ]
          }
        },
        "Anchor": {
          "X": 0.0,
          "Y": 1.0560438881861431,
          "Z": 0.0
        },
        "Name": "Steelcase AMQ - 3F - Wall Tiles - Dome"
      },
      {
        "Url": "https://hypar.io/user-static/88a62c2c-92aa-4588-86b7-4d2453e31e27.glb",
        "Transform": {
          "Matrix": {
            "Components": [
              -3.37229467242698E-15,
              -1.0,
              -1.0689691229036181E-29,
              0.011470518486463632,
              -1.0,
              3.37229467242698E-15,
              -6.3397136178156118E-15,
              0.30595027328302793,
              6.3397136178156118E-15,
              -1.0689691229036181E-29,
              -1.0,
              0.99250124053950028
            ]
          }
        },
        "Anchor": {
          "X": 0.0,
          "Y": 1.0560438881861431,
          "Z": 0.0
        },
        "Name": "Steelcase AMQ - 3F - Wall Tiles - Dome"
      },
      {
        "Url": "https://hypar.io/user-static/88a62c2c-92aa-4588-86b7-4d2453e31e27.glb",
        "Transform": {
          "Matrix": {
            "Components": [
              0.0,
              -1.0,
              0.0,
              0.011470518486463632,
              1.0,
              0.0,
              0.0,
              0.44097925958811368,
              0.0,
              0.0,
              1.0,
              1.1918987110138333
            ]
          }
        },
        "Anchor": {
          "X": 0.0,
          "Y": 1.0560438881861431,
          "Z": 0.0
        },
        "Name": "Steelcase AMQ - 3F - Wall Tiles - Dome"
      },
      {
        "Url": "https://hypar.io/user-static/88a62c2c-92aa-4588-86b7-4d2453e31e27.glb",
        "Transform": {
          "Matrix": {
            "Components": [
              0.0,
              -1.0,
              0.0,
              0.011470518486463632,
              1.0,
              0.0,
              0.0,
              0.73498142542560219,
              0.0,
              0.0,
              1.0,
              1.1918987110138324
            ]
          }
        },
        "Anchor": {
          "X": 0.0,
          "Y": 1.0560438881861431,
          "Z": 0.0
        },
        "Name": "Steelcase AMQ - 3F - Wall Tiles - Dome"
      },
      {
        "Url": "https://hypar.io/user-static/88a62c2c-92aa-4588-86b7-4d2453e31e27.glb",
        "Transform": {
          "Matrix": {
            "Components": [
              0.0,
              -1.0,
              0.0,
              0.011470518486463632,
              1.0,
              0.0,
              0.0,
              1.0281139569007665,
              0.0,
              0.0,
              1.0,
              1.1918987110138315
            ]
          }
        },
        "Anchor": {
          "X": 0.0,
          "Y": 1.0560438881861431,
          "Z": 0.0
        },
        "Name": "Steelcase AMQ - 3F - Wall Tiles - Dome"
      },
      {
        "Url": "https://hypar.io/user-static/88a62c2c-92aa-4588-86b7-4d2453e31e27.glb",
        "Transform": {
          "Matrix": {
            "Components": [
              0.0,
              -1.0,
              0.0,
              0.011470518486463632,
              1.0,
              0.0,
              0.0,
              1.3242969522737877,
              0.0,
              0.0,
              1.0,
              1.1918987110138304
            ]
          }
        },
        "Anchor": {
          "X": 0.0,
          "Y": 1.0560438881861431,
          "Z": 0.0
        },
        "Name": "Steelcase AMQ - 3F - Wall Tiles - Dome"
      },
      {
        "Url": "https://hypar.io/user-static/88a62c2c-92aa-4588-86b7-4d2453e31e27.glb",
        "Transform": {
          "Matrix": {
            "Components": [
              0.0,
              -1.0,
              0.0,
              0.011470518486463632,
              1.0,
              0.0,
              0.0,
              1.6230282666943823,
              0.0,
              0.0,
              1.0,
              1.1918987110138295
            ]
          }
        },
        "Anchor": {
          "X": 0.0,
          "Y": 1.0560438881861431,
          "Z": 0.0
        },
        "Name": "Steelcase AMQ - 3F - Wall Tiles - Dome"
      },
      {
        "Url": "https://hypar.io/user-static/0dbbe3c7-d2eb-4c94-b8cc-5f350ecbf437.glb",
        "Transform": {
          "Matrix": {
            "Components": [
              1.0308420783644578E-13,
              -1.0,
              0.0,
              0.27032456003436067,
              1.0,
              1.0308420783644578E-13,
              0.0,
              0.28861198612605277,
              0.0,
              0.0,
              1.0,
              0.0
            ]
          }
        },
        "Anchor": {
          "X": 0.0,
          "Y": 1.0560438881861431,
          "Z": 0.0
        },
        "Name": "Bolia - X-Stool - X-Stool"
      },
      {
        "Url": "https://hypar.io/user-static/9120758a-801d-4360-a74b-fef213363ac7.glb",
        "Transform": {
          "Matrix": {
            "Components": [
              1.7763568394002505E-15,
              -1.0,
              0.0,
              1.6445990410307267,
              1.0,
              1.7763568394002505E-15,
              0.0,
              1.2116041282058672,
              0.0,
              0.0,
              1.0,
              0.1524
            ]
          }
        },
        "Anchor": {
          "X": 1.6399741620148625,
          "Y": 1.2582736559221406,
          "Z": 0.0
        },
        "Name": "Steelcase AMQ - 3F Hanging Panel - Shimmer - 28W"
      }
    ]
  },
  "Configuration A": {
    "CellBoundary": {
      "Min": {
        "X": 0.0,
        "Y": 0.0,
        "Z": 0.0
      },
      "Max": {
        "X": 1.8144074559459362,
        "Y": 1.7302610232064206,
        "Z": 0.0
      }
    },
    "ContentItems": [
      {
        "Url": "https://hypar.io/user-static/3cbcbc3b-854e-4852-b847-bb78715d408f.glb",
        "Transform": {
          "Matrix": {
            "Components": [
              -1.0,
              -2.1094237467877974E-15,
              0.0,
              1.197502281484544,
              2.1094237467877974E-15,
              -1.0,
              0.0,
              1.4771713855364639,
              0.0,
              0.0,
              1.0,
              0.25400000000000006
            ]
          }
        },
        "Anchor": {
          "X": 0.90720372797296811,
          "Y": 0.86513051160321031,
          "Z": 0.0
        },
        "Name": "Zanzibar Gem 2 - 0.532 m x 0.473 m"
      },
      {
        "Url": "https://hypar.io/user-static/5a7766dc-2aa4-40fd-8e20-6060657b753f.glb",
        "Transform": {
          "Matrix": {
            "Components": [
              -1.0,
              -3.3306690738754691E-16,
              0.0,
              1.5893516877573872,
              3.3306690738754691E-16,
              -1.0,
              0.0,
              1.364760217733636,
              0.0,
              0.0,
              1.0,
              -0.38085185012813716
            ]
          }
        },
        "Anchor": {
          "X": 0.90720372797296811,
          "Y": 0.86513051160321031,
          "Z": 0.0
        },
        "Name": "Steelcase Health - Regard - Planter - 11D x 22W"
      },
      {
        "Url": "https://hypar.io/user-static/6fb2bf4f-4fdd-402c-b41e-cddb54125c64.glb",
        "Transform": {
          "Matrix": {
            "Components": [
              -0.17364853523035489,
              0.98480768996406221,
              0.0,
              1.7637961216228097,
              -0.98480768996406221,
              -0.17364853523035492,
              0.0,
              1.1573650055403775,
              0.0,
              0.0,
              1.0,
              0.0
            ]
          }
        },
        "Anchor": {
          "X": 0.90720372797296811,
          "Y": 0.86513051160321031,
          "Z": 0.0
        },
        "Name": "Steelcase - Seating - Brody 488 Series - WorkLounge - Right Side Surface - With Power_Lighting_Footrest"
      }
    ]
  }
}
